TypeName,TypeKind,QualName,Subtype,ParentNames,ChildNames
AddTextNode,Data,cl.runtime.view.dag.nodes.add_text_node.AddTextNode,None,AddTextNode;DagNode,AddTextNode
And,Data,cl.runtime.records.predicates.And,None,And;Predicate,And
ApiSettings,Data,cl.runtime.settings.api_settings.ApiSettings,None,ApiSettings;Settings,ApiSettings
AzureBlobStorage,Record,cl.runtime.storage.for_azure.azure_blob_storage.AzureBlobStorage,None,AzureBlobStorage;Storage;StorageKey,AzureBlobStorage
AzureBlobTextFile,Data,cl.runtime.storage.for_azure.azure_blob_text_file.AzureBlobTextFile,None,AzureBlobTextFile;TextFile,AzureBlobTextFile
BarPlot,Record,cl.runtime.plots.bar_plot.BarPlot,None,BarPlot;MatplotlibPlot;Plot;PlotKey,BarPlot;GroupBarPlot;StackBarPlot
BaseTypeInfo,Data,cl.runtime.ui.base_type_info.BaseTypeInfo,None,BaseTypeInfo,BaseTypeInfo
BasicCouchDb,Record,cl.runtime.db.couch.basic_couch_db.BasicCouchDb,None,BasicCouchDb;Db;DbKey,BasicCouchDb
BasicMongoDb,Record,cl.runtime.db.mongo.basic_mongo_db.BasicMongoDb,None,BasicMongoDb;Db;DbKey,BasicMongoDb;BasicMongoMockDb
BasicMongoMockDb,Record,cl.runtime.db.mongo.basic_mongo_mock_db.BasicMongoMockDb,None,BasicMongoDb;BasicMongoMockDb;Db;DbKey,BasicMongoMockDb
BinaryExperiment,Record,cl.runtime.stat.binary_experiment.BinaryExperiment,None,BinaryExperiment;Experiment;ExperimentKey,BinaryExperiment;StubBinaryExperiment;StubSupervisedBinaryExperiment;SupervisedBinaryExperiment
BinaryFile,Data,cl.runtime.storage.binary_file.BinaryFile,None,BinaryFile,BinaryFile;LocalBinaryFile
BinaryFileMode,Enum,cl.runtime.storage.binary_file_mode.BinaryFileMode,None,,
BinaryTrial,Record,cl.runtime.stat.binary_trial.BinaryTrial,None,BinaryTrial;Trial;TrialKey,BinaryTrial;SupervisedBinaryTrial
BoolFormat,Enum,cl.runtime.serializers.bool_format.BoolFormat,None,,
BootstrapMixin,Data,cl.runtime.records.bootstrap_mixin.BootstrapMixin,None,,And;ApiSettings;BootstrapMixin;BootstrapSerializer;BuildSettings;CelerySettings;DataSerializer;DataSpec;DbSettings;DynaconfLoader;EnumMemberSpec;EnumSerializer;EnumSpec;EnvSettings;Exists;FieldSpec;FrontendSettings;Gt;Gte;In;JsonSerializer;KeySerializer;LocaleSettings;LogSettings;Lt;Lte;Not;NotIn;Or;PackageSettings;Predicate;PreloadSettings;PrimitiveSerializer;PrimitiveSpec;ProjectSettings;QaSettings;Range;RegressionGuard;SecretsSettings;Serializer;Settings;SseSettings;TypeHint;TypeInfo;TypeSpec;VersionSettings;YamlSerializer
BootstrapSerializer,Data,cl.runtime.serializers.bootstrap_serializer.BootstrapSerializer,None,BootstrapSerializer;Serializer,BootstrapSerializer
BuildSettings,Data,cl.runtime.settings.build_settings.BuildSettings,None,BuildSettings;Settings,BuildSettings
BytesFormat,Enum,cl.runtime.serializers.bytes_format.BytesFormat,None,,
Case,Record,cl.runtime.stat.case.Case,None,Case;CaseKey,Case
CaseKey,Key,cl.runtime.stat.case_key.CaseKey,None,CaseKey,Case;CaseKey
CategoricalBoxPlot,Record,cl.runtime.plots.categorical_box_plot.CategoricalBoxPlot,None,CategoricalBoxPlot;MatplotlibPlot;Plot;PlotKey,CategoricalBoxPlot
CeleryQueue,Record,cl.runtime.tasks.celery.celery_queue.CeleryQueue,None,CeleryQueue;TaskQueue;TaskQueueKey,CeleryQueue
CelerySettings,Data,cl.runtime.settings.celery_settings.CelerySettings,None,CelerySettings;Settings,CelerySettings
ClassMethodTask,Record,cl.runtime.tasks.class_method_task.ClassMethodTask,None,ClassMethodTask;MethodTask;Task;TaskKey,ClassMethodTask
ClassifierExperiment,Record,cl.runtime.stat.classifier_experiment.ClassifierExperiment,None,ClassifierExperiment;Experiment;ExperimentKey,ClassifierExperiment;StubClassifierExperiment;StubSupervisedClassifierExperiment;SupervisedClassifierExperiment
ClassifierTrial,Record,cl.runtime.stat.classifier_trial.ClassifierTrial,None,ClassifierTrial;Trial;TrialKey,ClassifierTrial;SupervisedClassifierTrial
ColumnState,Data,cl.runtime.ui.column_state.ColumnState,None,ColumnState,ColumnState
Configuration,Record,cl.runtime.configurations.configuration.Configuration,None,Configuration;ConfigurationKey,Configuration;PreloadConfiguration;StubSamplesConfiguration
ConfigurationKey,Key,cl.runtime.configurations.configuration_key.ConfigurationKey,None,ConfigurationKey,Configuration;ConfigurationKey;PreloadConfiguration;StubSamplesConfiguration
ConfusionMatrixPlot,Record,cl.runtime.plots.confusion_matrix_plot.ConfusionMatrixPlot,None,ConfusionMatrixPlot;MatplotlibPlot;Plot;PlotKey,ConfusionMatrixPlot
ContainerDecl,Data,cl.runtime.schema.container_decl.ContainerDecl,None,ContainerDecl,ContainerDecl
ContainerKind,Enum,cl.runtime.schema.container_kind.ContainerKind,None,,
ContextSnapshot,Data,cl.runtime.contexts.context_snapshot.ContextSnapshot,None,ContextSnapshot,ContextSnapshot
CsvReader,Record,cl.runtime.file.csv_reader.CsvReader,None,CsvReader;Reader;ReaderKey,CsvReader
Dag,Record,cl.runtime.view.dag.dag.Dag,None,Dag;DagKey,Dag
DagEdge,Data,cl.runtime.view.dag.dag_edge.DagEdge,None,DagEdge,DagEdge
DagKey,Key,cl.runtime.view.dag.dag_key.DagKey,None,DagKey,Dag;DagKey
DagLayout,Enum,cl.runtime.view.dag.dag_layout.DagLayout,None,,
DagNode,Data,cl.runtime.view.dag.nodes.dag_node.DagNode,None,DagNode,AddTextNode;DagNode;TextInputNode;TextOutputNode
DagNodeData,Data,cl.runtime.view.dag.dag_node_data.DagNodeData,None,DagNodeData,DagNodeData
DagNodePosition,Data,cl.runtime.view.dag.dag_node_position.DagNodePosition,None,DagNodePosition,DagNodePosition
DataDecl,Record,cl.runtime.schema.data_decl.DataDecl,None,DataDecl;TypeDecl;TypeDeclKey,DataDecl
DataMixin,Data,cl.runtime.records.data_mixin.DataMixin,None,,AddTextNode;AzureBlobStorage;AzureBlobTextFile;BarPlot;BaseTypeInfo;BasicCouchDb;BasicMongoDb;BasicMongoMockDb;BinaryExperiment;BinaryFile;BinaryTrial;Case;CaseKey;CategoricalBoxPlot;CeleryQueue;ClassMethodTask;ClassifierExperiment;ClassifierTrial;ColumnState;Configuration;ConfigurationKey;ConfusionMatrixPlot;ContainerDecl;ContextSnapshot;CsvReader;Dag;DagEdge;DagKey;DagNode;DagNodeData;DagNodePosition;DataDecl;DataMixin;DataService;DataSource;DataSourceKey;DataclassFieldDecl;DataclassMixin;DataclassTypeDecl;Dataset;DatasetKey;Db;DbEventBroker;DbKey;Draw;DrawKey;ElementDecl;EmptyView;Encoder;EnumDecl;EnumItemDecl;EnumItemLabel;EnumItemLabelKey;Env;EnvInfo;EnvKey;Event;EventBroker;EventBrokerKey;EventKey;Experiment;ExperimentInterrupt;ExperimentInterruptKey;ExperimentKey;ExperimentKeyQuery;ExternalLink;FieldDecl;FieldLabel;FieldLabelKey;FileData;Filter;FilterByQuery;FilterByType;FilterKey;FilterMany;FilterScreenItem;FstringTemplateEngine;GroupBarPlot;HandlerDeclareBlockDecl;HandlerDeclareDecl;HandlerParamDecl;HandlerVariableDecl;HeatMapPlot;HtmlView;InstanceMethodTask;JinjaTemplateEngine;JsonEncoder;JsonReader;KeyDecl;KeyListView;KeyMixin;KeyView;LayoutElement;LayoutElementBase;LayoutStackElement;LinePlot;LocalBinaryFile;LocalCache;LocalSecretsProvider;LocalStorage;LocalTextFile;Locale;LocaleKey;Log;LogEvent;LogKey;LogMessage;LogMessageKey;MatplotlibPlot;MemberDecl;MethodLabel;MethodLabelKey;MethodTask;ModuleDecl;ModuleDeclKey;MultiPlot;PackageAlias;PackageAliasKey;PackageLabel;PackageLabelKey;PdfView;Permission;PermissionKey;Plot;PlotKey;PlotView;PlotlyEngine;PlottingEngine;PlottingEngineKey;PngView;PreloadConfiguration;PrimitiveDecl;ProcessQueue;PydanticMixin;QueryMixin;Reader;ReaderKey;RecordDecl;RecordListView;RecordMixin;RecordPanel;RecordTypePresence;RecordTypePresenceKey;RecordTypePresenceQuery;RecordView;Resource;ResourceKey;ScatterPlot2D;ScatterPlot3D;ScatterValues2D;ScatterValues3D;ScreensResponse;Script;SecretsProvider;SelectDataResponse;SqliteDb;StackBarPlot;Storage;StorageKey;StubBinaryExperiment;StubClassifierExperiment;StubContext;StubContextKey;StubDataViewers;StubDataclass;StubDataclassAliased;StubDataclassAliasedKey;StubDataclassAnyFields;StubDataclassAnyFieldsKey;StubDataclassComposite;StubDataclassCompositeKey;StubDataclassData;StubDataclassDerived;StubDataclassDerivedData;StubDataclassDerivedHandlers;StubDataclassDerivedQuery;StubDataclassDictFields;StubDataclassDictListFields;StubDataclassDoubleDerived;StubDataclassDoubleDerivedData;StubDataclassEmptyFields;StubDataclassFrozendictFields;StubDataclassKey;StubDataclassListDictFields;StubDataclassListFields;StubDataclassNestedFields;StubDataclassNestedFieldsQuery;StubDataclassNumpyFields;StubDataclassOptionalFields;StubDataclassOptionalFieldsKey;StubDataclassOtherDerived;StubDataclassPartialFreezable;StubDataclassPolymorphic;StubDataclassPolymorphicBaseKey;StubDataclassPolymorphicComposite;StubDataclassPolymorphicCompositeKey;StubDataclassPolymorphicKey;StubDataclassPrimitiveFields;StubDataclassPrimitiveFieldsKey;StubDataclassPrimitiveFieldsQuery;StubDataclassQuery;StubDataclassSingleton;StubDataclassSingletonKey;StubDataclassTupleFields;StubDataclassVersioned;StubDataclassVersionedKey;StubDerivedContext;StubHandlers;StubHandlersKey;StubMediaViewers;StubPlotViewers;StubPydantic;StubPydanticData;StubPydanticHandlers;StubPydanticHandlersKey;StubPydanticKey;StubPydanticNestedFields;StubSamplesConfiguration;StubSlotted;StubSlottedKey;StubSupervisedBinaryExperiment;StubSupervisedClassifierExperiment;StubTask;StubTemplate;StubTemplateKey;StubViewers;StubViewersKey;SuccessorDag;SuccessorDagKey;SuccessorDagNode;SuccessorDagNodeKey;SupervisedBinaryExperiment;SupervisedBinaryTrial;SupervisedClassifierExperiment;SupervisedClassifierTrial;TabInfo;TableScreenItem;Task;TaskEvent;TaskFinishedEvent;TaskKey;TaskLog;TaskLogs;TaskQuery;TaskQueue;TaskQueueKey;TemplateEngine;TemplateEngineKey;TemplateMixin;Tenant;TenantKey;TextFile;TextInputNode;TextOutputNode;Trial;TrialKey;TrialQuery;TypeDecl;TypeDeclKey;TypeLabel;TypeLabelKey;TypeScreenItem;UiAppState;UiAppStateKey;UiClearLogsMarker;UiClearLogsMarkerKey;UiLogUtil;UiNavigationLink;UiRecordUtil;UiSupportUtil;UiTypeLayout;UiTypeLayoutKey;UiTypeState;UiTypeStateKey;User;UserKey;UserLogMessage;UserSecrets;ValueDecl;View;ViewKey;ViewKeyQuery;WorkflowPhase;WorkflowPhaseKey;WorkflowPhaseTask;WorkflowTask;YamlEncoder;YamlReader
DataSerializer,Data,cl.runtime.serializers.data_serializer.DataSerializer,None,DataSerializer;Serializer,DataSerializer
DataService,Data,cl.runtime.services.data.data_service.DataService,None,DataService,DataService
DataSource,Record,cl.runtime.db.data_source.DataSource,None,DataSource;DataSourceKey,DataSource
DataSourceKey,Key,cl.runtime.db.data_source_key.DataSourceKey,None,DataSourceKey,DataSource;DataSourceKey
DataSpec,Data,cl.runtime.schema.data_spec.DataSpec,None,DataSpec;TypeSpec,DataSpec
DataclassFieldDecl,Data,cl.runtime.schema.for_dataclasses.dataclass_field_decl.DataclassFieldDecl,None,DataclassFieldDecl;FieldDecl,DataclassFieldDecl
DataclassMixin,Data,cl.runtime.records.for_dataclasses.dataclass_mixin.DataclassMixin,None,,AddTextNode;AzureBlobStorage;AzureBlobTextFile;BarPlot;BaseTypeInfo;BasicCouchDb;BasicMongoDb;BasicMongoMockDb;BinaryExperiment;BinaryFile;BinaryTrial;Case;CaseKey;CategoricalBoxPlot;CeleryQueue;ClassMethodTask;ClassifierExperiment;ClassifierTrial;ColumnState;Configuration;ConfigurationKey;ConfusionMatrixPlot;ContainerDecl;ContextSnapshot;CsvReader;Dag;DagEdge;DagKey;DagNode;DagNodeData;DagNodePosition;DataDecl;DataSource;DataSourceKey;DataclassFieldDecl;DataclassMixin;DataclassTypeDecl;Dataset;DatasetKey;Db;DbEventBroker;DbKey;Draw;DrawKey;ElementDecl;EmptyView;Encoder;EnumDecl;EnumItemDecl;EnumItemLabel;EnumItemLabelKey;Env;EnvInfo;EnvKey;Event;EventBroker;EventBrokerKey;EventKey;Experiment;ExperimentInterrupt;ExperimentInterruptKey;ExperimentKey;ExperimentKeyQuery;ExternalLink;FieldDecl;FieldLabel;FieldLabelKey;FileData;Filter;FilterByQuery;FilterByType;FilterKey;FilterMany;FstringTemplateEngine;GroupBarPlot;HandlerDeclareBlockDecl;HandlerDeclareDecl;HandlerParamDecl;HandlerVariableDecl;HeatMapPlot;HtmlView;InstanceMethodTask;JinjaTemplateEngine;JsonEncoder;JsonReader;KeyDecl;KeyListView;KeyView;LayoutElement;LayoutElementBase;LayoutStackElement;LinePlot;LocalBinaryFile;LocalCache;LocalSecretsProvider;LocalStorage;LocalTextFile;Locale;LocaleKey;Log;LogEvent;LogKey;LogMessage;LogMessageKey;MatplotlibPlot;MemberDecl;MethodLabel;MethodLabelKey;MethodTask;ModuleDecl;ModuleDeclKey;MultiPlot;PackageAlias;PackageAliasKey;PackageLabel;PackageLabelKey;PdfView;Permission;PermissionKey;Plot;PlotKey;PlotView;PlotlyEngine;PlottingEngine;PlottingEngineKey;PngView;PreloadConfiguration;PrimitiveDecl;ProcessQueue;Reader;ReaderKey;RecordDecl;RecordListView;RecordTypePresence;RecordTypePresenceKey;RecordTypePresenceQuery;RecordView;Resource;ResourceKey;ScatterPlot2D;ScatterPlot3D;ScatterValues2D;ScatterValues3D;Script;SecretsProvider;SqliteDb;StackBarPlot;Storage;StorageKey;StubBinaryExperiment;StubClassifierExperiment;StubContext;StubContextKey;StubDataViewers;StubDataclass;StubDataclassAliased;StubDataclassAliasedKey;StubDataclassAnyFields;StubDataclassAnyFieldsKey;StubDataclassComposite;StubDataclassCompositeKey;StubDataclassData;StubDataclassDerived;StubDataclassDerivedData;StubDataclassDerivedHandlers;StubDataclassDerivedQuery;StubDataclassDictFields;StubDataclassDictListFields;StubDataclassDoubleDerived;StubDataclassDoubleDerivedData;StubDataclassEmptyFields;StubDataclassFrozendictFields;StubDataclassKey;StubDataclassListDictFields;StubDataclassListFields;StubDataclassNestedFields;StubDataclassNestedFieldsQuery;StubDataclassNumpyFields;StubDataclassOptionalFields;StubDataclassOptionalFieldsKey;StubDataclassOtherDerived;StubDataclassPartialFreezable;StubDataclassPolymorphic;StubDataclassPolymorphicBaseKey;StubDataclassPolymorphicComposite;StubDataclassPolymorphicCompositeKey;StubDataclassPolymorphicKey;StubDataclassPrimitiveFields;StubDataclassPrimitiveFieldsKey;StubDataclassPrimitiveFieldsQuery;StubDataclassQuery;StubDataclassSingleton;StubDataclassSingletonKey;StubDataclassTupleFields;StubDataclassVersioned;StubDataclassVersionedKey;StubDerivedContext;StubHandlers;StubHandlersKey;StubMediaViewers;StubPlotViewers;StubSamplesConfiguration;StubSlotted;StubSlottedKey;StubSupervisedBinaryExperiment;StubSupervisedClassifierExperiment;StubTask;StubTemplate;StubTemplateKey;StubViewers;StubViewersKey;SuccessorDag;SuccessorDagKey;SuccessorDagNode;SuccessorDagNodeKey;SupervisedBinaryExperiment;SupervisedBinaryTrial;SupervisedClassifierExperiment;SupervisedClassifierTrial;TabInfo;Task;TaskEvent;TaskFinishedEvent;TaskKey;TaskLog;TaskLogs;TaskQuery;TaskQueue;TaskQueueKey;TemplateEngine;TemplateEngineKey;Tenant;TenantKey;TextFile;TextInputNode;TextOutputNode;Trial;TrialKey;TrialQuery;TypeDecl;TypeDeclKey;TypeLabel;TypeLabelKey;UiAppState;UiAppStateKey;UiClearLogsMarker;UiClearLogsMarkerKey;UiLogUtil;UiNavigationLink;UiRecordUtil;UiSupportUtil;UiTypeLayout;UiTypeLayoutKey;UiTypeState;UiTypeStateKey;User;UserKey;UserLogMessage;UserSecrets;ValueDecl;View;ViewKey;ViewKeyQuery;WorkflowPhase;WorkflowPhaseKey;WorkflowPhaseTask;WorkflowTask;YamlEncoder;YamlReader
DataclassTypeDecl,Record,cl.runtime.schema.for_dataclasses.dataclass_type_decl.DataclassTypeDecl,None,DataclassTypeDecl;TypeDecl;TypeDeclKey,DataclassTypeDecl
Dataset,Record,cl.runtime.db.dataset.Dataset,None,Dataset;DatasetKey,Dataset
DatasetKey,Key,cl.runtime.db.dataset_key.DatasetKey,None,DatasetKey,Dataset;DatasetKey
DateFormat,Enum,cl.runtime.serializers.date_format.DateFormat,None,,
DatetimeFormat,Enum,cl.runtime.serializers.datetime_format.DatetimeFormat,None,,
Db,Record,cl.runtime.db.db.Db,None,Db;DbKey,BasicCouchDb;BasicMongoDb;BasicMongoMockDb;Db;LocalCache;SqliteDb
DbEventBroker,Record,cl.runtime.events.db_event_broker.DbEventBroker,None,DbEventBroker;EventBroker;EventBrokerKey,DbEventBroker
DbKey,Key,cl.runtime.db.db_key.DbKey,None,DbKey,BasicCouchDb;BasicMongoDb;BasicMongoMockDb;Db;DbKey;LocalCache;SqliteDb
DbSettings,Data,cl.runtime.settings.db_settings.DbSettings,None,DbSettings;Settings,DbSettings
Draw,Record,cl.runtime.stat.draw.Draw,None,Draw;DrawKey,Draw
DrawKey,Key,cl.runtime.stat.draw_key.DrawKey,None,DrawKey,Draw;DrawKey
DynaconfLoader,Data,cl.runtime.settings.dynaconf_loader.DynaconfLoader,None,DynaconfLoader,DynaconfLoader
ElementDecl,Data,cl.runtime.schema.element_decl.ElementDecl,None,ElementDecl;MemberDecl,ElementDecl
EmptyView,Record,cl.runtime.views.empty_view.EmptyView,None,EmptyView;View;ViewKey,EmptyView
Encoder,Data,cl.runtime.serializers.encoder.Encoder,None,Encoder,Encoder;JsonEncoder;YamlEncoder
EnumDecl,Record,cl.runtime.schema.enum_decl.EnumDecl,None,EnumDecl;TypeDecl;TypeDeclKey,EnumDecl
EnumFormat,Enum,cl.runtime.serializers.enum_format.EnumFormat,None,,
EnumItemDecl,Data,cl.runtime.schema.enum_item_decl.EnumItemDecl,None,EnumItemDecl,EnumItemDecl
EnumItemLabel,Record,cl.runtime.settings.labels.enum_item_label.EnumItemLabel,None,EnumItemLabel;EnumItemLabelKey,EnumItemLabel
EnumItemLabelKey,Key,cl.runtime.settings.labels.enum_item_label_key.EnumItemLabelKey,None,EnumItemLabelKey,EnumItemLabel;EnumItemLabelKey
EnumMemberSpec,Data,cl.runtime.schema.enum_member_spec.EnumMemberSpec,None,EnumMemberSpec,EnumMemberSpec
EnumSerializer,Data,cl.runtime.serializers.enum_serializer.EnumSerializer,None,EnumSerializer;Serializer,EnumSerializer
EnumSpec,Data,cl.runtime.schema.enum_spec.EnumSpec,None,EnumSpec;TypeSpec,EnumSpec
Env,Record,cl.runtime.server.env.Env,None,Env;EnvKey,Env
EnvInfo,Data,cl.runtime.routers.settings.env_info.EnvInfo,None,EnvInfo,EnvInfo
EnvKey,Key,cl.runtime.server.env_key.EnvKey,None,EnvKey,Env;EnvKey
EnvKind,Enum,cl.runtime.settings.env_kind.EnvKind,None,,
EnvSettings,Data,cl.runtime.settings.env_settings.EnvSettings,None,EnvSettings;Settings,EnvSettings
Event,Record,cl.runtime.events.event.Event,None,Event;EventKey,Event;LogEvent;TaskEvent;TaskFinishedEvent
EventBroker,Record,cl.runtime.events.event_broker.EventBroker,None,EventBroker;EventBrokerKey,DbEventBroker;EventBroker
EventBrokerKey,Key,cl.runtime.events.event_broker_key.EventBrokerKey,None,EventBrokerKey,DbEventBroker;EventBroker;EventBrokerKey
EventKey,Key,cl.runtime.events.event_key.EventKey,None,EventKey,Event;EventKey;LogEvent;TaskEvent;TaskFinishedEvent
EventKind,Enum,cl.runtime.events.event_kind.EventKind,None,,
Exists,Data,cl.runtime.records.predicates.Exists,None,Exists;Predicate,Exists
Experiment,Record,cl.runtime.stat.experiment.Experiment,None,Experiment;ExperimentKey,BinaryExperiment;ClassifierExperiment;Experiment;StubBinaryExperiment;StubClassifierExperiment;StubSupervisedBinaryExperiment;StubSupervisedClassifierExperiment;SupervisedBinaryExperiment;SupervisedClassifierExperiment
ExperimentInterrupt,Record,cl.runtime.stat.experiment_interrupt.ExperimentInterrupt,None,ExperimentInterrupt;ExperimentInterruptKey,ExperimentInterrupt
ExperimentInterruptKey,Key,cl.runtime.stat.experiment_interrupt_key.ExperimentInterruptKey,None,ExperimentInterruptKey,ExperimentInterrupt;ExperimentInterruptKey
ExperimentKey,Key,cl.runtime.stat.experiment_key.ExperimentKey,None,ExperimentKey,BinaryExperiment;ClassifierExperiment;Experiment;ExperimentKey;StubBinaryExperiment;StubClassifierExperiment;StubSupervisedBinaryExperiment;StubSupervisedClassifierExperiment;SupervisedBinaryExperiment;SupervisedClassifierExperiment
ExperimentKeyQuery,Data,cl.runtime.stat.experiment_key_query.ExperimentKeyQuery,None,ExperimentKeyQuery,ExperimentKeyQuery
ExternalLink,Data,cl.runtime.ui.external_link.ExternalLink,None,ExternalLink,ExternalLink
FieldDecl,Data,cl.runtime.schema.field_decl.FieldDecl,None,FieldDecl,DataclassFieldDecl;FieldDecl
FieldLabel,Record,cl.runtime.settings.labels.field_label.FieldLabel,None,FieldLabel;FieldLabelKey,FieldLabel
FieldLabelKey,Key,cl.runtime.settings.labels.field_label_key.FieldLabelKey,None,FieldLabelKey,FieldLabel;FieldLabelKey
FieldSpec,Data,cl.runtime.schema.field_spec.FieldSpec,None,FieldSpec,FieldSpec
FileData,Data,cl.runtime.file.file_data.FileData,None,FileData,FileData
FileKind,Enum,cl.runtime.file.file_kind.FileKind,None,,
Filter,Record,cl.runtime.db.filter.Filter,None,Filter;FilterKey,Filter;FilterByQuery;FilterByType;FilterMany
FilterByQuery,Record,cl.runtime.db.filter_by_query.FilterByQuery,None,Filter;FilterByQuery;FilterKey,FilterByQuery
FilterByType,Record,cl.runtime.db.filter_by_type.FilterByType,None,Filter;FilterByType;FilterKey,FilterByType
FilterKey,Key,cl.runtime.db.filter_key.FilterKey,None,FilterKey,Filter;FilterByQuery;FilterByType;FilterKey;FilterMany
FilterMany,Record,cl.runtime.db.filter_many.FilterMany,None,Filter;FilterKey;FilterMany,FilterMany
FilterScreenItem,Data,cl.runtime.services.data.filter_screen_item.FilterScreenItem,None,FilterScreenItem,FilterScreenItem
FloatFormat,Enum,cl.runtime.serializers.float_format.FloatFormat,None,,
FrontendSettings,Data,cl.runtime.settings.frontend_settings.FrontendSettings,None,FrontendSettings;Settings,FrontendSettings
FstringTemplateEngine,Record,cl.runtime.templates.fstring_template_engine.FstringTemplateEngine,None,FstringTemplateEngine;TemplateEngine;TemplateEngineKey,FstringTemplateEngine
GroupBarPlot,Record,cl.runtime.plots.group_bar_plot.GroupBarPlot,None,BarPlot;GroupBarPlot;MatplotlibPlot;Plot;PlotKey,GroupBarPlot
Gt,Data,cl.runtime.records.predicates.Gt,None,Gt;Predicate,Gt
Gte,Data,cl.runtime.records.predicates.Gte,None,Gte;Predicate,Gte
HandlerDeclareBlockDecl,Data,cl.runtime.schema.handler_declare_block_decl.HandlerDeclareBlockDecl,None,HandlerDeclareBlockDecl,HandlerDeclareBlockDecl
HandlerDeclareDecl,Data,cl.runtime.schema.handler_declare_decl.HandlerDeclareDecl,None,HandlerDeclareDecl,HandlerDeclareDecl
HandlerParamDecl,Data,cl.runtime.schema.handler_param_decl.HandlerParamDecl,None,HandlerParamDecl;HandlerVariableDecl;MemberDecl,HandlerParamDecl
HandlerVariableDecl,Data,cl.runtime.schema.handler_variable_decl.HandlerVariableDecl,None,HandlerVariableDecl;MemberDecl,HandlerParamDecl;HandlerVariableDecl
HeatMapPlot,Record,cl.runtime.plots.heat_map_plot.HeatMapPlot,None,HeatMapPlot;MatplotlibPlot;Plot;PlotKey,HeatMapPlot
HtmlView,Record,cl.runtime.views.html_view.HtmlView,None,HtmlView;View;ViewKey,HtmlView
In,Data,cl.runtime.records.predicates.In,None,In;Predicate,In
InstanceMethodTask,Record,cl.runtime.tasks.instance_method_task.InstanceMethodTask,None,InstanceMethodTask;MethodTask;Task;TaskKey,InstanceMethodTask
IntFormat,Enum,cl.runtime.serializers.int_format.IntFormat,None,,
JinjaTemplateEngine,Record,cl.runtime.templates.jinja_template_engine.JinjaTemplateEngine,None,JinjaTemplateEngine;TemplateEngine;TemplateEngineKey,JinjaTemplateEngine
JsonEncoder,Data,cl.runtime.serializers.json_encoder.JsonEncoder,None,Encoder;JsonEncoder,JsonEncoder
JsonFormat,Enum,cl.runtime.serializers.json_format.JsonFormat,None,,
JsonReader,Record,cl.runtime.file.json_reader.JsonReader,None,JsonReader;Reader;ReaderKey,JsonReader
JsonSerializer,Data,cl.runtime.serializers.json_serializer.JsonSerializer,None,JsonSerializer;Serializer,JsonSerializer
KeyDecl,Record,cl.runtime.schema.key_decl.KeyDecl,None,KeyDecl;TypeDecl;TypeDeclKey,KeyDecl
KeyFormat,Enum,cl.runtime.serializers.key_format.KeyFormat,None,,
KeyListView,Record,cl.runtime.views.key_list_view.KeyListView,None,KeyListView;View;ViewKey,KeyListView
KeyMixin,Key,cl.runtime.records.key_mixin.KeyMixin,None,,AzureBlobStorage;BarPlot;BasicCouchDb;BasicMongoDb;BasicMongoMockDb;BinaryExperiment;BinaryTrial;Case;CaseKey;CategoricalBoxPlot;CeleryQueue;ClassMethodTask;ClassifierExperiment;ClassifierTrial;Configuration;ConfigurationKey;ConfusionMatrixPlot;CsvReader;Dag;DagKey;DataDecl;DataSource;DataSourceKey;DataclassTypeDecl;Dataset;DatasetKey;Db;DbEventBroker;DbKey;Draw;DrawKey;EmptyView;EnumDecl;EnumItemLabel;EnumItemLabelKey;Env;EnvKey;Event;EventBroker;EventBrokerKey;EventKey;Experiment;ExperimentInterrupt;ExperimentInterruptKey;ExperimentKey;FieldLabel;FieldLabelKey;Filter;FilterByQuery;FilterByType;FilterKey;FilterMany;FstringTemplateEngine;GroupBarPlot;HeatMapPlot;HtmlView;InstanceMethodTask;JinjaTemplateEngine;JsonReader;KeyDecl;KeyListView;KeyMixin;KeyView;LinePlot;LocalCache;LocalStorage;Locale;LocaleKey;Log;LogEvent;LogKey;LogMessage;LogMessageKey;MatplotlibPlot;MethodLabel;MethodLabelKey;MethodTask;ModuleDecl;ModuleDeclKey;MultiPlot;PackageAlias;PackageAliasKey;PackageLabel;PackageLabelKey;PdfView;Permission;PermissionKey;Plot;PlotKey;PlotView;PlotlyEngine;PlottingEngine;PlottingEngineKey;PngView;PreloadConfiguration;PrimitiveDecl;ProcessQueue;Reader;ReaderKey;RecordDecl;RecordListView;RecordMixin;RecordTypePresence;RecordTypePresenceKey;RecordView;Resource;ResourceKey;ScatterPlot2D;ScatterPlot3D;Script;SqliteDb;StackBarPlot;Storage;StorageKey;StubBinaryExperiment;StubClassifierExperiment;StubContext;StubContextKey;StubDataViewers;StubDataclass;StubDataclassAliased;StubDataclassAliasedKey;StubDataclassAnyFields;StubDataclassAnyFieldsKey;StubDataclassComposite;StubDataclassCompositeKey;StubDataclassDerived;StubDataclassDerivedHandlers;StubDataclassDictFields;StubDataclassDictListFields;StubDataclassDoubleDerived;StubDataclassEmptyFields;StubDataclassFrozendictFields;StubDataclassKey;StubDataclassListDictFields;StubDataclassListFields;StubDataclassNestedFields;StubDataclassNumpyFields;StubDataclassOptionalFields;StubDataclassOptionalFieldsKey;StubDataclassOtherDerived;StubDataclassPolymorphic;StubDataclassPolymorphicBaseKey;StubDataclassPolymorphicComposite;StubDataclassPolymorphicCompositeKey;StubDataclassPolymorphicKey;StubDataclassPrimitiveFields;StubDataclassPrimitiveFieldsKey;StubDataclassSingleton;StubDataclassSingletonKey;StubDataclassTupleFields;StubDataclassVersioned;StubDataclassVersionedKey;StubDerivedContext;StubHandlers;StubHandlersKey;StubMediaViewers;StubPlotViewers;StubPydantic;StubPydanticHandlers;StubPydanticHandlersKey;StubPydanticKey;StubPydanticNestedFields;StubSamplesConfiguration;StubSlotted;StubSlottedKey;StubSupervisedBinaryExperiment;StubSupervisedClassifierExperiment;StubTask;StubTemplate;StubTemplateKey;StubViewers;StubViewersKey;SuccessorDag;SuccessorDagKey;SuccessorDagNode;SuccessorDagNodeKey;SupervisedBinaryExperiment;SupervisedBinaryTrial;SupervisedClassifierExperiment;SupervisedClassifierTrial;Task;TaskEvent;TaskFinishedEvent;TaskKey;TaskLog;TaskQueue;TaskQueueKey;TemplateEngine;TemplateEngineKey;TemplateMixin;Tenant;TenantKey;Trial;TrialKey;TypeDecl;TypeDeclKey;TypeLabel;TypeLabelKey;UiAppState;UiAppStateKey;UiClearLogsMarker;UiClearLogsMarkerKey;UiTypeLayout;UiTypeLayoutKey;UiTypeState;UiTypeStateKey;User;UserKey;UserLogMessage;View;ViewKey;WorkflowPhase;WorkflowPhaseKey;WorkflowPhaseTask;WorkflowTask;YamlReader
KeySerializer,Data,cl.runtime.serializers.key_serializer.KeySerializer,None,KeySerializer;Serializer,KeySerializer
KeyView,Record,cl.runtime.views.key_view.KeyView,None,KeyView;View;ViewKey,KeyView
LayoutElement,Data,cl.runtime.ui.layout_element.LayoutElement,None,LayoutElement;LayoutElementBase,LayoutElement
LayoutElementBase,Data,cl.runtime.ui.layout_element_base.LayoutElementBase,None,LayoutElementBase,LayoutElement;LayoutElementBase;LayoutStackElement
LayoutStackElement,Data,cl.runtime.ui.layout_stack_element.LayoutStackElement,None,LayoutElementBase;LayoutStackElement,LayoutStackElement
LicenseKind,Enum,cl.runtime.prebuild.license_kind.LicenseKind,None,,
LinePlot,Record,cl.runtime.plots.line_plot.LinePlot,None,LinePlot;MatplotlibPlot;Plot;PlotKey,LinePlot
LocalBinaryFile,Data,cl.runtime.storage.local_binary_file.LocalBinaryFile,None,BinaryFile;LocalBinaryFile,LocalBinaryFile
LocalCache,Record,cl.runtime.db.local.local_cache.LocalCache,None,Db;DbKey;LocalCache,LocalCache
LocalSecretsProvider,Data,cl.runtime.auth.local_secrets_provider.LocalSecretsProvider,None,LocalSecretsProvider;SecretsProvider,LocalSecretsProvider
LocalStorage,Record,cl.runtime.storage.local_storage.LocalStorage,None,LocalStorage;Storage;StorageKey,LocalStorage
LocalTextFile,Data,cl.runtime.storage.local_text_file.LocalTextFile,None,LocalTextFile;TextFile,LocalTextFile
Locale,Record,cl.runtime.parsers.locale.Locale,None,Locale;LocaleKey,Locale
LocaleKey,Key,cl.runtime.parsers.locale_key.LocaleKey,None,LocaleKey,Locale;LocaleKey
LocaleSettings,Data,cl.runtime.settings.locale_settings.LocaleSettings,None,LocaleSettings;Settings,LocaleSettings
Log,Record,cl.runtime.log.log.Log,None,Log;LogKey,Log;TaskLog
LogEvent,Record,cl.runtime.events.log_event.LogEvent,None,Event;EventKey;LogEvent,LogEvent
LogKey,Key,cl.runtime.log.log_key.LogKey,None,LogKey,Log;LogKey;TaskLog
LogLevel,Enum,cl.runtime.log.log_level.LogLevel,None,,
LogMessage,Record,cl.runtime.log.log_message.LogMessage,None,LogMessage;LogMessageKey,LogMessage;UserLogMessage
LogMessageKey,Key,cl.runtime.log.log_message_key.LogMessageKey,None,LogMessageKey,LogMessage;LogMessageKey;UserLogMessage
LogSettings,Data,cl.runtime.settings.log_settings.LogSettings,None,LogSettings;Settings,LogSettings
LongFormat,Enum,cl.runtime.serializers.long_format.LongFormat,None,,
Lt,Data,cl.runtime.records.predicates.Lt,None,Lt;Predicate,Lt
Lte,Data,cl.runtime.records.predicates.Lte,None,Lte;Predicate,Lte
MatplotlibPlot,Record,cl.runtime.plots.matplotlib_plot.MatplotlibPlot,None,MatplotlibPlot;Plot;PlotKey,BarPlot;CategoricalBoxPlot;ConfusionMatrixPlot;GroupBarPlot;HeatMapPlot;LinePlot;MatplotlibPlot;MultiPlot;StackBarPlot
MemberDecl,Data,cl.runtime.schema.member_decl.MemberDecl,None,MemberDecl,ElementDecl;HandlerParamDecl;HandlerVariableDecl;MemberDecl
MethodLabel,Record,cl.runtime.settings.labels.method_label.MethodLabel,None,MethodLabel;MethodLabelKey,MethodLabel
MethodLabelKey,Key,cl.runtime.settings.labels.method_label_key.MethodLabelKey,None,MethodLabelKey,MethodLabel;MethodLabelKey
MethodTask,Record,cl.runtime.tasks.method_task.MethodTask,None,MethodTask;Task;TaskKey,ClassMethodTask;InstanceMethodTask;MethodTask
ModuleDecl,Record,cl.runtime.schema.module_decl.ModuleDecl,None,ModuleDecl;ModuleDeclKey,ModuleDecl
ModuleDeclKey,Key,cl.runtime.schema.module_decl_key.ModuleDeclKey,None,ModuleDeclKey,ModuleDecl;ModuleDeclKey
MultiPlot,Record,cl.runtime.plots.multi_plot.MultiPlot,None,MatplotlibPlot;MultiPlot;Plot;PlotKey,MultiPlot
NoneFormat,Enum,cl.runtime.serializers.none_format.NoneFormat,None,,
Not,Data,cl.runtime.records.predicates.Not,None,Not;Predicate,Not
NotIn,Data,cl.runtime.records.predicates.NotIn,None,NotIn;Predicate,NotIn
NullInclusion,Enum,cl.runtime.serializers.null_inclusion.NullInclusion,None,,
Or,Data,cl.runtime.records.predicates.Or,None,Or;Predicate,Or
PackageAlias,Record,cl.runtime.settings.aliases.package_alias.PackageAlias,None,PackageAlias;PackageAliasKey,PackageAlias
PackageAliasKey,Key,cl.runtime.settings.aliases.package_alias_key.PackageAliasKey,None,PackageAliasKey,PackageAlias;PackageAliasKey
PackageLabel,Record,cl.runtime.settings.labels.package_label.PackageLabel,None,PackageLabel;PackageLabelKey,PackageLabel
PackageLabelKey,Key,cl.runtime.settings.labels.package_label_key.PackageLabelKey,None,PackageLabelKey,PackageLabel;PackageLabelKey
PackageSettings,Data,cl.runtime.settings.package_settings.PackageSettings,None,PackageSettings;Settings,PackageSettings
PdfView,Record,cl.runtime.views.pdf_view.PdfView,None,PdfView;View;ViewKey,PdfView
Permission,Record,cl.runtime.db.permission.Permission,None,Permission;PermissionKey,Permission
PermissionKey,Key,cl.runtime.db.permission_key.PermissionKey,None,PermissionKey,Permission;PermissionKey
Plot,Record,cl.runtime.plots.plot.Plot,None,Plot;PlotKey,BarPlot;CategoricalBoxPlot;ConfusionMatrixPlot;GroupBarPlot;HeatMapPlot;LinePlot;MatplotlibPlot;MultiPlot;Plot;ScatterPlot2D;ScatterPlot3D;StackBarPlot
PlotColor,Enum,cl.runtime.plots.plot_color.PlotColor,None,,
PlotKey,Key,cl.runtime.plots.plot_key.PlotKey,None,PlotKey,BarPlot;CategoricalBoxPlot;ConfusionMatrixPlot;GroupBarPlot;HeatMapPlot;LinePlot;MatplotlibPlot;MultiPlot;Plot;PlotKey;ScatterPlot2D;ScatterPlot3D;StackBarPlot
PlotLineStyle,Enum,cl.runtime.plots.plot_line_style.PlotLineStyle,None,,
PlotMarkerStyle,Enum,cl.runtime.plots.plot_marker_style.PlotMarkerStyle,None,,
PlotSurfaceStyle,Enum,cl.runtime.plots.plot_surface_style.PlotSurfaceStyle,None,,
PlotView,Record,cl.runtime.views.plot_view.PlotView,None,PlotView;View;ViewKey,PlotView
PlotlyEngine,Record,cl.runtime.plots.for_plotly.plotly_engine.PlotlyEngine,None,PlotlyEngine;PlottingEngine;PlottingEngineKey,PlotlyEngine
PlottingEngine,Record,cl.runtime.plots.plotting_engine.PlottingEngine,None,PlottingEngine;PlottingEngineKey,PlotlyEngine;PlottingEngine
PlottingEngineKey,Key,cl.runtime.plots.plotting_engine_key.PlottingEngineKey,None,PlottingEngineKey,PlotlyEngine;PlottingEngine;PlottingEngineKey
PngView,Record,cl.runtime.views.png_view.PngView,None,PngView;View;ViewKey,PngView
Predicate,Data,cl.runtime.records.predicates.Predicate,None,Predicate,And;Exists;Gt;Gte;In;Lt;Lte;Not;NotIn;Or;Predicate;Range
PreloadConfiguration,Record,cl.runtime.configurations.preload_configuration.PreloadConfiguration,None,Configuration;ConfigurationKey;PreloadConfiguration,PreloadConfiguration
PreloadSettings,Data,cl.runtime.settings.preload_settings.PreloadSettings,None,PreloadSettings;Settings,PreloadSettings
PrimitiveDecl,Record,cl.runtime.schema.primitive_decl.PrimitiveDecl,None,PrimitiveDecl;TypeDecl;TypeDeclKey,PrimitiveDecl
PrimitiveSerializer,Data,cl.runtime.serializers.primitive_serializer.PrimitiveSerializer,None,PrimitiveSerializer;Serializer,PrimitiveSerializer
PrimitiveSpec,Data,cl.runtime.schema.primitive_spec.PrimitiveSpec,None,PrimitiveSpec;TypeSpec,PrimitiveSpec
ProcessQueue,Record,cl.runtime.tasks.process_queue.ProcessQueue,None,ProcessQueue;TaskQueue;TaskQueueKey,ProcessQueue
ProjectUtilKind,Enum,cl.runtime.project.project_layout_kind.ProjectUtilKind,None,,
ProjectSettings,Data,cl.runtime.settings.project_settings.ProjectSettings,None,ProjectSettings;Settings,ProjectSettings
PydanticMixin,Data,cl.runtime.records.for_pydantic.pydantic_mixin.PydanticMixin,None,,DataService;FilterScreenItem;PydanticMixin;RecordPanel;ScreensResponse;SelectDataResponse;StubPydantic;StubPydanticData;StubPydanticHandlers;StubPydanticHandlersKey;StubPydanticKey;StubPydanticNestedFields;TableScreenItem;TypeScreenItem
QaSettings,Data,cl.runtime.settings.qa_settings.QaSettings,None,QaSettings;Settings,QaSettings
QueryMixin,Data,cl.runtime.db.query_mixin.QueryMixin,None,,ExperimentKeyQuery;QueryMixin;RecordTypePresenceQuery;StubDataclassDerivedQuery;StubDataclassNestedFieldsQuery;StubDataclassPrimitiveFieldsQuery;StubDataclassQuery;TaskQuery;TrialQuery;ViewKeyQuery
Range,Data,cl.runtime.records.predicates.Range,None,Predicate;Range,Range
Reader,Record,cl.runtime.file.reader.Reader,None,Reader;ReaderKey,CsvReader;JsonReader;Reader;YamlReader
ReaderKey,Key,cl.runtime.file.reader_key.ReaderKey,None,ReaderKey,CsvReader;JsonReader;Reader;ReaderKey;YamlReader
RecordDecl,Record,cl.runtime.schema.record_decl.RecordDecl,None,RecordDecl;TypeDecl;TypeDeclKey,RecordDecl
RecordListView,Record,cl.runtime.views.record_list_view.RecordListView,None,RecordListView;View;ViewKey,RecordListView
RecordMixin,Record,cl.runtime.records.record_mixin.RecordMixin,None,,AzureBlobStorage;BarPlot;BasicCouchDb;BasicMongoDb;BasicMongoMockDb;BinaryExperiment;BinaryTrial;Case;CategoricalBoxPlot;ClassMethodTask;ClassifierExperiment;ClassifierTrial;Configuration;ConfusionMatrixPlot;CsvReader;Dag;DataDecl;DataSource;DataclassTypeDecl;Dataset;Db;DbEventBroker;Draw;EmptyView;EnumDecl;EnumItemLabel;Env;Event;EventBroker;Experiment;ExperimentInterrupt;FieldLabel;Filter;FilterByQuery;FilterByType;FilterMany;FstringTemplateEngine;GroupBarPlot;HeatMapPlot;HtmlView;InstanceMethodTask;JinjaTemplateEngine;JsonReader;KeyDecl;KeyListView;KeyView;LinePlot;LocalCache;LocalStorage;Locale;Log;LogEvent;LogMessage;MatplotlibPlot;MethodLabel;MethodTask;ModuleDecl;MultiPlot;PackageAlias;PackageLabel;PdfView;Permission;Plot;PlotView;PlotlyEngine;PlottingEngine;PngView;PreloadConfiguration;PrimitiveDecl;Reader;RecordDecl;RecordListView;RecordMixin;RecordTypePresence;RecordView;Resource;ScatterPlot2D;ScatterPlot3D;Script;SqliteDb;StackBarPlot;Storage;StubBinaryExperiment;StubClassifierExperiment;StubContext;StubDataViewers;StubDataclass;StubDataclassAliased;StubDataclassAnyFields;StubDataclassComposite;StubDataclassDerived;StubDataclassDerivedHandlers;StubDataclassDictFields;StubDataclassDictListFields;StubDataclassDoubleDerived;StubDataclassEmptyFields;StubDataclassFrozendictFields;StubDataclassListDictFields;StubDataclassListFields;StubDataclassNestedFields;StubDataclassNumpyFields;StubDataclassOptionalFields;StubDataclassOtherDerived;StubDataclassPolymorphic;StubDataclassPolymorphicComposite;StubDataclassPrimitiveFields;StubDataclassSingleton;StubDataclassTupleFields;StubDataclassVersioned;StubDerivedContext;StubHandlers;StubMediaViewers;StubPlotViewers;StubPydantic;StubPydanticHandlers;StubPydanticNestedFields;StubSamplesConfiguration;StubSlotted;StubSupervisedBinaryExperiment;StubSupervisedClassifierExperiment;StubTask;StubTemplate;StubViewers;SuccessorDag;SuccessorDagNode;SupervisedBinaryExperiment;SupervisedBinaryTrial;SupervisedClassifierExperiment;SupervisedClassifierTrial;Task;TaskEvent;TaskFinishedEvent;TaskLog;TemplateEngine;TemplateMixin;Tenant;Trial;TypeDecl;TypeLabel;UiAppState;UiClearLogsMarker;UiTypeLayout;UiTypeState;User;UserLogMessage;View;WorkflowPhase;WorkflowPhaseTask;WorkflowTask;YamlReader
RecordPanel,Data,cl.runtime.records.record_panel.RecordPanel,None,RecordPanel,RecordPanel
RecordTypePresence,Record,cl.runtime.records.record_type_presence.RecordTypePresence,None,RecordTypePresence;RecordTypePresenceKey,RecordTypePresence
RecordTypePresenceKey,Key,cl.runtime.records.record_type_presence_key.RecordTypePresenceKey,None,RecordTypePresenceKey,RecordTypePresence;RecordTypePresenceKey
RecordTypePresenceQuery,Data,cl.runtime.records.record_type_presence_query.RecordTypePresenceQuery,None,RecordTypePresenceQuery,RecordTypePresenceQuery
RecordView,Record,cl.runtime.views.record_view.RecordView,None,RecordView;View;ViewKey,RecordView
RegressionGuard,Data,cl.runtime.qa.regression_guard.RegressionGuard,None,RegressionGuard,RegressionGuard
Resource,Record,cl.runtime.db.resource.Resource,None,Resource;ResourceKey,Resource
ResourceKey,Key,cl.runtime.db.resource_key.ResourceKey,None,ResourceKey,Resource;ResourceKey
SavePolicy,Enum,cl.runtime.db.save_policy.SavePolicy,None,,
ScatterPlot2D,Record,cl.runtime.plots.scatter_plot_2d.ScatterPlot2D,None,Plot;PlotKey;ScatterPlot2D,ScatterPlot2D
ScatterPlot3D,Record,cl.runtime.plots.scatter_plot_3d.ScatterPlot3D,None,Plot;PlotKey;ScatterPlot3D,ScatterPlot3D
ScatterValues2D,Data,cl.runtime.plots.scatter_values_2d.ScatterValues2D,None,ScatterValues2D,ScatterValues2D
ScatterValues3D,Data,cl.runtime.plots.scatter_values_3d.ScatterValues3D,None,ScatterValues3D,ScatterValues3D
ScreensResponse,Data,cl.runtime.services.data.screens_response.ScreensResponse,None,ScreensResponse,ScreensResponse
Script,Record,cl.runtime.views.script.Script,None,Script;View;ViewKey,Script
ScriptLanguage,Enum,cl.runtime.views.script_language.ScriptLanguage,None,,
SecretsProvider,Data,cl.runtime.auth.secrets_provider.SecretsProvider,None,SecretsProvider,LocalSecretsProvider;SecretsProvider
SecretsSettings,Data,cl.runtime.settings.secrets_settings.SecretsSettings,None,SecretsSettings;Settings,SecretsSettings
SelectDataResponse,Data,cl.runtime.services.data.select_data_response.SelectDataResponse,None,SelectDataResponse,SelectDataResponse
Serializer,Data,cl.runtime.serializers.serializer.Serializer,None,Serializer,BootstrapSerializer;DataSerializer;EnumSerializer;JsonSerializer;KeySerializer;PrimitiveSerializer;Serializer;YamlSerializer
Settings,Data,cl.runtime.settings.settings.Settings,None,Settings,ApiSettings;BuildSettings;CelerySettings;DbSettings;EnvSettings;FrontendSettings;LocaleSettings;LogSettings;PackageSettings;PreloadSettings;ProjectSettings;QaSettings;SecretsSettings;Settings;SseSettings;VersionSettings
SlotsUtil,Data,cl.runtime.serializers.slots_util.SlotsUtil,None,SlotsUtil,SlotsUtil
SortOrder,Enum,cl.runtime.db.sort_order.SortOrder,None,,
SqliteDb,Record,cl.runtime.db.sql.sqlite_db.SqliteDb,None,Db;DbKey;SqliteDb,SqliteDb
SseSettings,Data,cl.runtime.settings.sse_settings.SseSettings,None,Settings;SseSettings,SseSettings
StackBarPlot,Record,cl.runtime.plots.stack_bar_plot.StackBarPlot,None,BarPlot;MatplotlibPlot;Plot;PlotKey;StackBarPlot,StackBarPlot
Storage,Record,cl.runtime.storage.storage.Storage,None,Storage;StorageKey,AzureBlobStorage;LocalStorage;Storage
StorageKey,Key,cl.runtime.storage.storage_key.StorageKey,None,StorageKey,AzureBlobStorage;LocalStorage;Storage;StorageKey
StorageMode,Enum,cl.runtime.storage.storage_mode.StorageMode,None,,
StringFormat,Enum,cl.runtime.serializers.string_format.StringFormat,None,,
StubBinaryExperiment,Record,stubs.cl.runtime.stat.stub_binary_experiment.StubBinaryExperiment,None,BinaryExperiment;Experiment;ExperimentKey;StubBinaryExperiment,StubBinaryExperiment
StubClassifierExperiment,Record,stubs.cl.runtime.stat.stub_classifier_experiment.StubClassifierExperiment,None,ClassifierExperiment;Experiment;ExperimentKey;StubClassifierExperiment,StubClassifierExperiment
StubContext,Record,stubs.cl.runtime.contexts.stub_context.StubContext,None,StubContext;StubContextKey,StubContext;StubDerivedContext
StubContextKey,Key,stubs.cl.runtime.contexts.stub_context_key.StubContextKey,None,StubContextKey,StubContext;StubContextKey;StubDerivedContext
StubDataViewers,Record,stubs.cl.runtime.views.stub_data_viewers.StubDataViewers,None,StubDataViewers;StubViewers;StubViewersKey,StubDataViewers
StubDataclass,Record,stubs.cl.runtime.records.for_dataclasses.stub_dataclass.StubDataclass,None,StubDataclass;StubDataclassKey,StubDataclass;StubDataclassDerived;StubDataclassDictFields;StubDataclassDictListFields;StubDataclassDoubleDerived;StubDataclassEmptyFields;StubDataclassFrozendictFields;StubDataclassListDictFields;StubDataclassListFields;StubDataclassNestedFields;StubDataclassNumpyFields;StubDataclassOtherDerived;StubDataclassTupleFields
StubDataclassAliased,Record,stubs.cl.runtime.records.for_dataclasses.stub_dataclass_aliased.StubDataclassAliased,None,StubDataclassAliased;StubDataclassAliasedKey,StubDataclassAliased
StubDataclassAliasedKey,Key,stubs.cl.runtime.records.for_dataclasses.stub_dataclass_aliased_key.StubDataclassAliasedKey,None,StubDataclassAliasedKey,StubDataclassAliased;StubDataclassAliasedKey
StubDataclassAnyFields,Record,stubs.cl.runtime.records.for_dataclasses.stub_dataclass_any_fields.StubDataclassAnyFields,None,StubDataclassAnyFields;StubDataclassAnyFieldsKey,StubDataclassAnyFields
StubDataclassAnyFieldsKey,Key,stubs.cl.runtime.records.for_dataclasses.stub_dataclass_any_fields_key.StubDataclassAnyFieldsKey,None,StubDataclassAnyFieldsKey,StubDataclassAnyFields;StubDataclassAnyFieldsKey
StubDataclassComposite,Record,stubs.cl.runtime.records.for_dataclasses.stub_dataclass_composite.StubDataclassComposite,None,StubDataclassComposite;StubDataclassCompositeKey,StubDataclassComposite
StubDataclassCompositeKey,Key,stubs.cl.runtime.records.for_dataclasses.stub_dataclass_composite_key.StubDataclassCompositeKey,None,StubDataclassCompositeKey,StubDataclassComposite;StubDataclassCompositeKey
StubDataclassData,Data,stubs.cl.runtime.records.for_dataclasses.stub_dataclass_data.StubDataclassData,None,StubDataclassData,StubDataclassData;StubDataclassDerivedData;StubDataclassDoubleDerivedData
StubDataclassDerived,Record,stubs.cl.runtime.records.for_dataclasses.stub_dataclass_derived.StubDataclassDerived,None,StubDataclass;StubDataclassDerived;StubDataclassKey,StubDataclassDerived;StubDataclassDoubleDerived
StubDataclassDerivedData,Data,stubs.cl.runtime.records.for_dataclasses.stub_dataclass_derived_data.StubDataclassDerivedData,None,StubDataclassData;StubDataclassDerivedData,StubDataclassDerivedData;StubDataclassDoubleDerivedData
StubDataclassDerivedHandlers,Record,stubs.cl.runtime.records.for_dataclasses.stub_dataclass_derived_handlers.StubDataclassDerivedHandlers,None,StubDataclassDerivedHandlers;StubHandlers;StubHandlersKey,StubDataclassDerivedHandlers
StubDataclassDerivedQuery,Data,stubs.cl.runtime.records.for_dataclasses.stub_dataclass_derived_query.StubDataclassDerivedQuery,None,StubDataclassDerivedQuery;StubDataclassQuery,StubDataclassDerivedQuery
StubDataclassDictFields,Record,stubs.cl.runtime.records.for_dataclasses.stub_dataclass_dict_fields.StubDataclassDictFields,None,StubDataclass;StubDataclassDictFields;StubDataclassKey,StubDataclassDictFields
StubDataclassDictListFields,Record,stubs.cl.runtime.records.for_dataclasses.stub_dataclass_dict_list_fields.StubDataclassDictListFields,None,StubDataclass;StubDataclassDictListFields;StubDataclassKey,StubDataclassDictListFields
StubDataclassDoubleDerived,Record,stubs.cl.runtime.records.for_dataclasses.stub_dataclass_double_derived.StubDataclassDoubleDerived,None,StubDataclass;StubDataclassDerived;StubDataclassDoubleDerived;StubDataclassKey,StubDataclassDoubleDerived
StubDataclassDoubleDerivedData,Data,stubs.cl.runtime.records.for_dataclasses.stub_dataclass_double_derived_data.StubDataclassDoubleDerivedData,None,StubDataclassData;StubDataclassDerivedData;StubDataclassDoubleDerivedData,StubDataclassDoubleDerivedData
StubDataclassEmptyFields,Record,stubs.cl.runtime.records.for_dataclasses.stub_dataclass_empty_fields.StubDataclassEmptyFields,None,StubDataclass;StubDataclassEmptyFields;StubDataclassKey,StubDataclassEmptyFields
StubDataclassFrozendictFields,Record,stubs.cl.runtime.records.for_dataclasses.stub_dataclass_frozendict_fields.StubDataclassFrozendictFields,None,StubDataclass;StubDataclassFrozendictFields;StubDataclassKey,StubDataclassFrozendictFields
StubDataclassKey,Key,stubs.cl.runtime.records.for_dataclasses.stub_dataclass_key.StubDataclassKey,None,StubDataclassKey,StubDataclass;StubDataclassDerived;StubDataclassDictFields;StubDataclassDictListFields;StubDataclassDoubleDerived;StubDataclassEmptyFields;StubDataclassFrozendictFields;StubDataclassKey;StubDataclassListDictFields;StubDataclassListFields;StubDataclassNestedFields;StubDataclassNumpyFields;StubDataclassOtherDerived;StubDataclassTupleFields
StubDataclassListDictFields,Record,stubs.cl.runtime.records.for_dataclasses.stub_dataclass_list_dict_fields.StubDataclassListDictFields,None,StubDataclass;StubDataclassKey;StubDataclassListDictFields,StubDataclassListDictFields
StubDataclassListFields,Record,stubs.cl.runtime.records.for_dataclasses.stub_dataclass_list_fields.StubDataclassListFields,None,StubDataclass;StubDataclassKey;StubDataclassListFields,StubDataclassListFields
StubDataclassNestedFields,Record,stubs.cl.runtime.records.for_dataclasses.stub_dataclass_nested_fields.StubDataclassNestedFields,None,StubDataclass;StubDataclassKey;StubDataclassNestedFields,StubDataclassNestedFields
StubDataclassNestedFieldsQuery,Data,stubs.cl.runtime.records.for_dataclasses.stub_dataclass_nested_fields_query.StubDataclassNestedFieldsQuery,None,StubDataclassNestedFieldsQuery;StubDataclassQuery,StubDataclassNestedFieldsQuery
StubDataclassNumpyFields,Record,stubs.cl.runtime.records.for_dataclasses.stub_dataclass_numpy_fields.StubDataclassNumpyFields,None,StubDataclass;StubDataclassKey;StubDataclassNumpyFields,StubDataclassNumpyFields
StubDataclassOptionalFields,Record,stubs.cl.runtime.records.for_dataclasses.stub_dataclass_optional_fields.StubDataclassOptionalFields,None,StubDataclassOptionalFields;StubDataclassOptionalFieldsKey,StubDataclassOptionalFields
StubDataclassOptionalFieldsKey,Key,stubs.cl.runtime.records.for_dataclasses.stub_dataclass_optional_fields_key.StubDataclassOptionalFieldsKey,None,StubDataclassOptionalFieldsKey,StubDataclassOptionalFields;StubDataclassOptionalFieldsKey
StubDataclassOtherDerived,Record,stubs.cl.runtime.records.for_dataclasses.stub_dataclass_other_derived.StubDataclassOtherDerived,None,StubDataclass;StubDataclassKey;StubDataclassOtherDerived,StubDataclassOtherDerived
StubDataclassPartialFreezable,Data,stubs.cl.runtime.records.for_dataclasses.stub_dataclass_partial_freezable.StubDataclassPartialFreezable,None,StubDataclassPartialFreezable,StubDataclassPartialFreezable
StubDataclassPolymorphic,Record,stubs.cl.runtime.records.for_dataclasses.stub_dataclass_polymorphic.StubDataclassPolymorphic,None,StubDataclassPolymorphic;StubDataclassPolymorphicBaseKey;StubDataclassPolymorphicKey,StubDataclassPolymorphic
StubDataclassPolymorphicBaseKey,Key,stubs.cl.runtime.records.for_dataclasses.stub_dataclass_polymorphic_base_key.StubDataclassPolymorphicBaseKey,None,StubDataclassPolymorphicBaseKey,StubDataclassPolymorphic;StubDataclassPolymorphicBaseKey;StubDataclassPolymorphicKey
StubDataclassPolymorphicComposite,Record,stubs.cl.runtime.records.for_dataclasses.stub_dataclass_polymorphic_composite.StubDataclassPolymorphicComposite,None,StubDataclassPolymorphicComposite;StubDataclassPolymorphicCompositeKey,StubDataclassPolymorphicComposite
StubDataclassPolymorphicCompositeKey,Key,stubs.cl.runtime.records.for_dataclasses.stub_dataclass_polymorphic_composite_key.StubDataclassPolymorphicCompositeKey,None,StubDataclassPolymorphicCompositeKey,StubDataclassPolymorphicComposite;StubDataclassPolymorphicCompositeKey
StubDataclassPolymorphicKey,Key,stubs.cl.runtime.records.for_dataclasses.stub_dataclass_polymorphic_key.StubDataclassPolymorphicKey,None,StubDataclassPolymorphicBaseKey;StubDataclassPolymorphicKey,StubDataclassPolymorphic;StubDataclassPolymorphicKey
StubDataclassPrimitiveFields,Record,stubs.cl.runtime.records.for_dataclasses.stub_dataclass_primitive_fields.StubDataclassPrimitiveFields,None,StubDataclassPrimitiveFields;StubDataclassPrimitiveFieldsKey,StubDataclassPrimitiveFields
StubDataclassPrimitiveFieldsKey,Key,stubs.cl.runtime.records.for_dataclasses.stub_dataclass_primitive_fields_key.StubDataclassPrimitiveFieldsKey,None,StubDataclassPrimitiveFieldsKey,StubDataclassPrimitiveFields;StubDataclassPrimitiveFieldsKey
StubDataclassPrimitiveFieldsQuery,Data,stubs.cl.runtime.records.for_dataclasses.stub_dataclass_primitive_fields_query.StubDataclassPrimitiveFieldsQuery,None,StubDataclassPrimitiveFieldsQuery,StubDataclassPrimitiveFieldsQuery
StubDataclassQuery,Data,stubs.cl.runtime.records.for_dataclasses.stub_dataclass_query.StubDataclassQuery,None,StubDataclassQuery,StubDataclassDerivedQuery;StubDataclassNestedFieldsQuery;StubDataclassQuery
StubDataclassSingleton,Record,stubs.cl.runtime.records.for_dataclasses.stub_dataclass_singleton.StubDataclassSingleton,None,StubDataclassSingleton;StubDataclassSingletonKey,StubDataclassSingleton
StubDataclassSingletonKey,Key,stubs.cl.runtime.records.for_dataclasses.stub_dataclass_singleton_key.StubDataclassSingletonKey,None,StubDataclassSingletonKey,StubDataclassSingleton;StubDataclassSingletonKey
StubDataclassTupleFields,Record,stubs.cl.runtime.records.for_dataclasses.stub_dataclass_tuple_fields.StubDataclassTupleFields,None,StubDataclass;StubDataclassKey;StubDataclassTupleFields,StubDataclassTupleFields
StubDataclassVersioned,Record,stubs.cl.runtime.records.for_dataclasses.stub_dataclass_versioned.StubDataclassVersioned,None,StubDataclassVersioned;StubDataclassVersionedKey,StubDataclassVersioned
StubDataclassVersionedKey,Key,stubs.cl.runtime.records.for_dataclasses.stub_dataclass_versioned_key.StubDataclassVersionedKey,None,StubDataclassVersionedKey,StubDataclassVersioned;StubDataclassVersionedKey
StubDerivedContext,Record,stubs.cl.runtime.contexts.stub_derived_context.StubDerivedContext,None,StubContext;StubContextKey;StubDerivedContext,StubDerivedContext
StubHandlers,Record,stubs.cl.runtime.records.for_dataclasses.stub_dataclass_handlers.StubHandlers,None,StubHandlers;StubHandlersKey,StubDataclassDerivedHandlers;StubHandlers
StubHandlersKey,Key,stubs.cl.runtime.records.for_dataclasses.stub_dataclass_handlers_key.StubHandlersKey,None,StubHandlersKey,StubDataclassDerivedHandlers;StubHandlers;StubHandlersKey
StubIntEnum,Enum,stubs.cl.runtime.records.enum.stub_int_enum.StubIntEnum,None,,
StubMediaViewers,Record,stubs.cl.runtime.views.stub_media_viewers.StubMediaViewers,None,StubMediaViewers;StubViewers;StubViewersKey,StubMediaViewers
StubPlotViewers,Record,stubs.cl.runtime.views.stub_plot_viewers.StubPlotViewers,None,StubPlotViewers;StubViewers;StubViewersKey,StubPlotViewers
StubPydantic,Record,stubs.cl.runtime.records.for_pydantic.stub_pydantic.StubPydantic,None,StubPydantic;StubPydanticKey,StubPydantic
StubPydanticData,Data,stubs.cl.runtime.records.for_pydantic.stub_pydantic_data.StubPydanticData,None,StubPydanticData,StubPydanticData
StubPydanticHandlers,Record,stubs.cl.runtime.records.for_pydantic.stub_pydantic_handlers.StubPydanticHandlers,None,StubPydanticHandlers;StubPydanticHandlersKey,StubPydanticHandlers
StubPydanticHandlersKey,Key,stubs.cl.runtime.records.for_pydantic.stub_pydantic_handlers_key.StubPydanticHandlersKey,None,StubPydanticHandlersKey,StubPydanticHandlers;StubPydanticHandlersKey
StubPydanticKey,Key,stubs.cl.runtime.records.for_pydantic.stub_pydantic_key.StubPydanticKey,None,StubPydanticKey,StubPydantic;StubPydanticKey;StubPydanticNestedFields
StubPydanticNestedFields,Record,stubs.cl.runtime.records.for_pydantic.stub_pydantic_nested_fields.StubPydanticNestedFields,None,StubPydanticKey;StubPydanticNestedFields,StubPydanticNestedFields
StubRelabeledIntEnum,Enum,stubs.cl.runtime.records.enum.stub_relabeled_int_enum.StubRelabeledIntEnum,None,,
StubSamplesConfiguration,Record,stubs.cl.runtime.configurations.stub_samples_configuration.StubSamplesConfiguration,None,Configuration;ConfigurationKey;StubSamplesConfiguration,StubSamplesConfiguration
StubSlotted,Record,stubs.cl.runtime.records.for_slotted.stub_slotted.StubSlotted,None,StubSlotted;StubSlottedKey,StubSlotted
StubSlottedKey,Key,stubs.cl.runtime.records.for_slotted.stub_slotted_key.StubSlottedKey,None,StubSlottedKey,StubSlotted;StubSlottedKey
StubSupervisedBinaryExperiment,Record,stubs.cl.runtime.stat.stub_supervised_binary_experiment.StubSupervisedBinaryExperiment,None,BinaryExperiment;Experiment;ExperimentKey;StubSupervisedBinaryExperiment;SupervisedBinaryExperiment,StubSupervisedBinaryExperiment
StubSupervisedClassifierExperiment,Record,stubs.cl.runtime.stat.stub_supervised_classifier_experiment.StubSupervisedClassifierExperiment,None,ClassifierExperiment;Experiment;ExperimentKey;StubSupervisedClassifierExperiment;SupervisedClassifierExperiment,StubSupervisedClassifierExperiment
StubTask,Record,stubs.cl.runtime.tasks.stub_task.StubTask,None,StubTask;Task;TaskKey,StubTask
StubTemplate,Record,stubs.cl.runtime.templates.stub_template.StubTemplate,None,StubTemplate;StubTemplateKey,StubTemplate
StubTemplateKey,Key,stubs.cl.runtime.templates.stub_template_key.StubTemplateKey,None,StubTemplateKey,StubTemplate;StubTemplateKey
StubViewers,Record,stubs.cl.runtime.views.stub_viewers.StubViewers,None,StubViewers;StubViewersKey,StubDataViewers;StubMediaViewers;StubPlotViewers;StubViewers
StubViewersKey,Key,stubs.cl.runtime.views.stub_viewers_key.StubViewersKey,None,StubViewersKey,StubDataViewers;StubMediaViewers;StubPlotViewers;StubViewers;StubViewersKey
SuccessorDag,Record,cl.runtime.views.dag.successor_dag.SuccessorDag,None,SuccessorDag;SuccessorDagKey,SuccessorDag
SuccessorDagKey,Key,cl.runtime.views.dag.successor_dag_key.SuccessorDagKey,None,SuccessorDagKey,SuccessorDag;SuccessorDagKey
SuccessorDagNode,Record,cl.runtime.views.dag.successor_dag_node.SuccessorDagNode,None,SuccessorDagNode;SuccessorDagNodeKey,SuccessorDagNode
SuccessorDagNodeKey,Key,cl.runtime.views.dag.successor_dag_node_key.SuccessorDagNodeKey,None,SuccessorDagNodeKey,SuccessorDagNode;SuccessorDagNodeKey
SupervisedBinaryExperiment,Record,cl.runtime.stat.supervised_binary_experiment.SupervisedBinaryExperiment,None,BinaryExperiment;Experiment;ExperimentKey;SupervisedBinaryExperiment,StubSupervisedBinaryExperiment;SupervisedBinaryExperiment
SupervisedBinaryTrial,Record,cl.runtime.stat.supervised_binary_trial.SupervisedBinaryTrial,None,BinaryTrial;SupervisedBinaryTrial;Trial;TrialKey,SupervisedBinaryTrial
SupervisedClassifierExperiment,Record,cl.runtime.stat.supervised_classifier_experiment.SupervisedClassifierExperiment,None,ClassifierExperiment;Experiment;ExperimentKey;SupervisedClassifierExperiment,StubSupervisedClassifierExperiment;SupervisedClassifierExperiment
SupervisedClassifierTrial,Record,cl.runtime.stat.supervised_classifier_trial.SupervisedClassifierTrial,None,ClassifierTrial;SupervisedClassifierTrial;Trial;TrialKey,SupervisedClassifierTrial
TabInfo,Data,cl.runtime.ui.tab_info.TabInfo,None,TabInfo,TabInfo
TableScreenItem,Data,cl.runtime.services.data.table_screen_item.TableScreenItem,None,TableScreenItem,TableScreenItem
Task,Record,cl.runtime.tasks.task.Task,None,Task;TaskKey,ClassMethodTask;InstanceMethodTask;MethodTask;StubTask;Task;WorkflowPhaseTask;WorkflowTask
TaskEvent,Record,cl.runtime.events.task_event.TaskEvent,None,Event;EventKey;TaskEvent,TaskEvent;TaskFinishedEvent
TaskFinishedEvent,Record,cl.runtime.events.task_finished_event.TaskFinishedEvent,None,Event;EventKey;TaskEvent;TaskFinishedEvent,TaskFinishedEvent
TaskKey,Key,cl.runtime.tasks.task_key.TaskKey,None,TaskKey,ClassMethodTask;InstanceMethodTask;MethodTask;StubTask;Task;TaskKey;WorkflowPhaseTask;WorkflowTask
TaskLog,Record,cl.runtime.log.task_log.TaskLog,None,Log;LogKey;TaskLog,TaskLog
TaskLogs,Data,cl.runtime.log.task_logs.TaskLogs,None,TaskLogs,TaskLogs
TaskQuery,Data,cl.runtime.tasks.task_query.TaskQuery,None,TaskQuery,TaskQuery
TaskQueue,Record,cl.runtime.tasks.task_queue.TaskQueue,None,TaskQueue;TaskQueueKey,CeleryQueue;ProcessQueue;TaskQueue
TaskQueueKey,Key,cl.runtime.tasks.task_queue_key.TaskQueueKey,None,TaskQueueKey,CeleryQueue;ProcessQueue;TaskQueue;TaskQueueKey
TaskStatus,Enum,cl.runtime.tasks.task_status.TaskStatus,None,,
TemplateEngine,Record,cl.runtime.templates.template_engine.TemplateEngine,None,TemplateEngine;TemplateEngineKey,FstringTemplateEngine;JinjaTemplateEngine;TemplateEngine
TemplateEngineKey,Key,cl.runtime.templates.template_engine_key.TemplateEngineKey,None,TemplateEngineKey,FstringTemplateEngine;JinjaTemplateEngine;TemplateEngine;TemplateEngineKey
TemplateMixin,Record,cl.runtime.templates.template_mixin.TemplateMixin,None,,StubTemplate;TemplateMixin
Tenant,Record,cl.runtime.db.tenant.Tenant,None,Tenant;TenantKey,Tenant
TenantKey,Key,cl.runtime.db.tenant_key.TenantKey,None,TenantKey,Tenant;TenantKey
TextFile,Data,cl.runtime.storage.text_file.TextFile,None,TextFile,AzureBlobTextFile;LocalTextFile;TextFile
TextFileMode,Enum,cl.runtime.storage.text_file_mode.TextFileMode,None,,
TextInputNode,Data,cl.runtime.view.dag.nodes.text_input_node.TextInputNode,None,DagNode;TextInputNode,TextInputNode
TextOutputNode,Data,cl.runtime.view.dag.nodes.text_output_node.TextOutputNode,None,DagNode;TextOutputNode,TextOutputNode
TimeFormat,Enum,cl.runtime.serializers.time_format.TimeFormat,None,,
TimestampFormat,Enum,cl.runtime.serializers.timestamp_format.TimestampFormat,None,,
Trial,Record,cl.runtime.stat.trial.Trial,None,Trial;TrialKey,BinaryTrial;ClassifierTrial;SupervisedBinaryTrial;SupervisedClassifierTrial;Trial
TrialKey,Key,cl.runtime.stat.trial_key.TrialKey,None,TrialKey,BinaryTrial;ClassifierTrial;SupervisedBinaryTrial;SupervisedClassifierTrial;Trial;TrialKey
TrialQuery,Data,cl.runtime.stat.trial_query.TrialQuery,None,TrialQuery,TrialQuery
TypeDecl,Record,cl.runtime.schema.type_decl.TypeDecl,None,TypeDecl;TypeDeclKey,DataDecl;DataclassTypeDecl;EnumDecl;KeyDecl;PrimitiveDecl;RecordDecl;TypeDecl
TypeDeclKey,Key,cl.runtime.schema.type_decl_key.TypeDeclKey,None,TypeDeclKey,DataDecl;DataclassTypeDecl;EnumDecl;KeyDecl;PrimitiveDecl;RecordDecl;TypeDecl;TypeDeclKey
TypeFormat,Enum,cl.runtime.serializers.type_format.TypeFormat,None,,
TypeHint,Data,cl.runtime.schema.type_hint.TypeHint,None,TypeHint,TypeHint
TypeInclusion,Enum,cl.runtime.serializers.type_inclusion.TypeInclusion,None,,
TypeInfo,Data,cl.runtime.schema.type_info.TypeInfo,None,TypeInfo,TypeInfo
TypeKind,Enum,cl.runtime.schema.type_kind.TypeKind,None,,
TypeLabel,Record,cl.runtime.settings.labels.type_label.TypeLabel,None,TypeLabel;TypeLabelKey,TypeLabel
TypeLabelKey,Key,cl.runtime.settings.labels.type_label_key.TypeLabelKey,None,TypeLabelKey,TypeLabel;TypeLabelKey
TypePlacement,Enum,cl.runtime.serializers.type_placement.TypePlacement,None,,
TypeScreenItem,Data,cl.runtime.services.data.type_screen_item.TypeScreenItem,None,TypeScreenItem,TypeScreenItem
TypeSpec,Data,cl.runtime.schema.type_spec.TypeSpec,None,TypeSpec,DataSpec;EnumSpec;PrimitiveSpec;TypeSpec
UiAppState,Record,cl.runtime.ui.ui_app_state.UiAppState,None,UiAppState;UiAppStateKey,UiAppState
UiAppStateKey,Key,cl.runtime.ui.ui_app_state_key.UiAppStateKey,None,UiAppStateKey,UiAppState;UiAppStateKey
UiClearLogsMarker,Record,cl.runtime.log.ui_clear_logs_marker.UiClearLogsMarker,None,UiClearLogsMarker;UiClearLogsMarkerKey,UiClearLogsMarker
UiClearLogsMarkerKey,Key,cl.runtime.log.ui_clear_logs_marker_key.UiClearLogsMarkerKey,None,UiClearLogsMarkerKey,UiClearLogsMarker;UiClearLogsMarkerKey
UiLogUtil,Data,cl.runtime.log.ui_log_util.UiLogUtil,None,UiLogUtil,UiLogUtil
UiNavigationLink,Data,cl.runtime.ui.ui_navigation_link.UiNavigationLink,None,UiNavigationLink,UiNavigationLink
UiRecordUtil,Data,cl.runtime.records.ui_record_util.UiRecordUtil,None,UiRecordUtil,UiRecordUtil
UiSupportUtil,Data,cl.runtime.ui.ui_support_util.UiSupportUtil,None,UiSupportUtil,UiSupportUtil
UiTypeLayout,Record,cl.runtime.ui.ui_type_layout.UiTypeLayout,None,UiTypeLayout;UiTypeLayoutKey,UiTypeLayout
UiTypeLayoutKey,Key,cl.runtime.ui.ui_type_layout_key.UiTypeLayoutKey,None,UiTypeLayoutKey,UiTypeLayout;UiTypeLayoutKey
UiTypeState,Record,cl.runtime.ui.ui_type_state.UiTypeState,None,UiTypeState;UiTypeStateKey,UiTypeState
UiTypeStateKey,Key,cl.runtime.ui.ui_type_state_key.UiTypeStateKey,None,UiTypeStateKey,UiTypeState;UiTypeStateKey
User,Record,cl.runtime.ui.user.User,None,User;UserKey,User
UserKey,Key,cl.runtime.ui.user_key.UserKey,None,UserKey,User;UserKey
UserLogMessage,Record,cl.runtime.log.user_log_message.UserLogMessage,None,LogMessage;LogMessageKey;UserLogMessage,UserLogMessage
UserSecrets,Key,cl.runtime.auth.user_secrets.UserSecrets,None,UserSecrets,UserSecrets
UuidFormat,Enum,cl.runtime.serializers.uuid_format.UuidFormat,None,,
ValueDecl,Data,cl.runtime.schema.value_decl.ValueDecl,None,ValueDecl,ValueDecl
VersionFormat,Enum,cl.runtime.prebuild.version_format.VersionFormat,None,,
VersionSettings,Data,cl.runtime.settings.version_settings.VersionSettings,None,Settings;VersionSettings,VersionSettings
View,Record,cl.runtime.views.view.View,None,View;ViewKey,EmptyView;HtmlView;KeyListView;KeyView;PdfView;PlotView;PngView;RecordListView;RecordView;Script;View
ViewKey,Key,cl.runtime.views.view_key.ViewKey,None,ViewKey,EmptyView;HtmlView;KeyListView;KeyView;PdfView;PlotView;PngView;RecordListView;RecordView;Script;View;ViewKey
ViewKeyQuery,Data,cl.runtime.views.view_key_query.ViewKeyQuery,None,ViewKeyQuery,ViewKeyQuery
WorkflowPhase,Record,cl.runtime.workflows.workflow_phase.WorkflowPhase,None,WorkflowPhase;WorkflowPhaseKey,WorkflowPhase
WorkflowPhaseKey,Key,cl.runtime.workflows.workflow_phase_key.WorkflowPhaseKey,None,WorkflowPhaseKey,WorkflowPhase;WorkflowPhaseKey
WorkflowPhaseTask,Record,cl.runtime.workflows.workflow_phase_task.WorkflowPhaseTask,None,Task;TaskKey;WorkflowPhaseTask,WorkflowPhaseTask
WorkflowTask,Record,cl.runtime.workflows.workflow_task.WorkflowTask,None,Task;TaskKey;WorkflowTask,WorkflowTask
YamlEncoder,Data,cl.runtime.serializers.yaml_encoder.YamlEncoder,None,Encoder;YamlEncoder,YamlEncoder
YamlReader,Record,cl.runtime.file.yaml_reader.YamlReader,None,Reader;ReaderKey;YamlReader,YamlReader
YamlSerializer,Data,cl.runtime.serializers.yaml_serializer.YamlSerializer,None,Serializer;YamlSerializer,YamlSerializer
